,OTN_ARRAY,OTN_ARRAY_2,OTN_ARRAY_3,STATION_NO,STATION_NO2,DEPLOY_LAT,DEPLOY_LONG,DEPLOY_DATE_TIME_UTC,BOTTOM_DEPTH,INS_MODEL_NO,RECEIVER_SN,RECEIVER_TAG_ID,RECOVERED,RECOVER_DATE_TIME_UTC,YEAR_DEPLOYED,Assigned_c,geometry,
1,SABMPA,SAB_OLD,SAB_NORTH,N10,N10,46.21183,-59.11783,2015-05-11T00:00:00,NA,VR2AR,545780,A69-1601-60244,Y,2016-04-17T16:25:00,2015,A - Mud,c(-59.11783, 46.21183)
2,SABMPA,SAB_OLD,SAB_NORTH,N11,N11,46.21567,-59.10617,2015-05-11T00:00:00,NA,VR2AR,545768,A69-1601-60232,Y,2016-04-17T16:15:00,2015,A - Mud,c(-59.10617, 46.21567)
3,SABMPA,SAB_OLD,SAB_NORTH,N12,N12,46.2195,-59.09433,2015-05-11T00:00:00,NA,VR2AR,545772,A69-1601-60236,Y,2016-04-17T16:06:00,2015,A - Mud,c(-59.09433, 46.2195)
4,SABMPA,SAB_OLD,SAB_NORTH,N13,N13,46.22333,-59.08267,2015-05-11T00:00:00,NA,VR2AR,545779,A69-1601-60243,Y,2016-04-17T16:32:00,2015,A - Mud,c(-59.08267, 46.22333)
5,SABMPA,SAB_OLD,SAB_NORTH,N21,N21,46.2427133,-59.0237817,2016-04-17T15:31:45,NA,VR2AR,546072,A69-1601-60536,Y,2017-05-05T14:18:47,2016,A - Mud,c(-59.0237817, 46.2427133)
6,SABMPA,SAB_OLD,SAB_NORTH,N20,N20,46.2385067,-59.0359533,2016-04-17T15:36:19,NA,VR2AR,546078,A69-1601-60542,Y,2017-05-05T14:27:45,2016,A - Mud,c(-59.0359533, 46.2385067)
7,SABMPA,SAB_OLD,SAB_NORTH,N19,N19,46.2342133,-59.0474983,2016-04-17T15:40:12,NA,VR2AR,546079,A69-1601-60543,Y,2017-05-05T14:36:40,2016,A - Mud,c(-59.0474983, 46.2342133)
8,SABMPA,SAB_OLD,SAB_NORTH,N18,N18,46.2311183,-59.05933,2016-04-17T15:44:02,NA,VR2AR,546089,A69-1601-60553,Y,2017-05-05T14:47:12,2016,A - Mud,c(-59.05933, 46.2311183)
9,SABMPA,SAB_OLD,SAB_NORTH,N17,N17,46.22687,-59.0712533,2016-04-17T15:48:32,NA,VR2AR,546083,A69-1601-60547,Y,2017-05-05T14:56:12,2016,A - Mud,c(-59.0712533, 46.22687)
10,SABMPA,SAB_OLD,SAB_NORTH,N16,N16,46.2236,-59.0823217,2016-04-17T15:52:07,NA,VR2AR,546080,A69-1601-60544,Y,2017-05-05T15:04:28,2016,A - Mud,c(-59.0823217, 46.2236)
11,SABMPA,SAB_OLD,SAB_NORTH,N12,N12,46.219645,-59.09437,2016-04-17T16:03:46,NA,VR2AR,546082,A69-1601-60546,Y,2017-05-05T15:14:02,2016,A - Mud,c(-59.09437, 46.219645)
12,SABMPA,SAB_OLD,SAB_NORTH,N11,N11,46.2159367,-59.106225,2016-04-17T16:13:30,NA,VR2AR,546071,A69-1601-60535,Y,2017-05-05T15:21:53,2016,A - Mud,c(-59.106225, 46.2159367)
13,SABMPA,SAB_OLD,SAB_NORTH,N10,N10,46.2115167,-59.1180767,2016-04-17T16:22:05,NA,VR2AR,546084,A69-1601-60548,Y,2017-05-05T15:30:50,2016,A - Mud,c(-59.1180767, 46.2115167)
14,SABMPA,SAB_OLD,SAB_NORTH,N22,N22,46.2465883,-59.0120083,2017-05-05T14:14:32,NA,VR2AR,545765,A69-1601-60229,Y,2018-06-10T13:17:54,2017,A - Mud,c(-59.0120083, 46.2465883)
15,SABMPA,SAB_OLD,SAB_NORTH,N21,N21,46.2419083,-59.02366,2017-05-05T14:18:47,NA,VR2AR,545784,A69-1601-60248,Y,2018-06-10T13:26:32,2017,A - Mud,c(-59.02366, 46.2419083)
16,SABMPA,SAB_OLD,SAB_NORTH,N20,N20,46.2383633,-59.0360267,2017-05-05T14:27:45,NA,VR2AR,545773,A69-1601-60237,Y,2018-06-10T13:35:45,2017,A - Mud,c(-59.0360267, 46.2383633)
17,SABMPA,SAB_OLD,SAB_NORTH,N19,N19,46.2343883,-59.0472717,2017-05-05T14:36:40,NA,VR2AR,546074,A69-1601-60538,Y,2018-06-10T13:44:42,2017,A - Mud,c(-59.0472717, 46.2343883)
18,SABMPA,SAB_OLD,SAB_NORTH,N18,N18,46.230845,-59.0587067,2017-05-05T14:47:12,NA,VR2AR,545778,A69-1601-60242,Y,2018-06-10T13:54:05,2017,A - Mud,c(-59.0587067, 46.230845)
19,SABMPA,SAB_OLD,SAB_NORTH,N17,N17,46.2269667,-59.0710983,2017-05-05T14:56:12,NA,VR2AR,546072,A69-1601-60536,Y,2018-06-10T14:03:11,2017,A - Mud,c(-59.0710983, 46.2269667)
20,SABMPA,SAB_OLD,SAB_NORTH,N16,N16,46.2235067,-59.0826333,2017-05-05T15:04:28,NA,VR2AR,546078,A69-1601-60542,Y,2018-06-10T14:10:56,2017,A - Mud,c(-59.0826333, 46.2235067)
21,SABMPA,SAB_OLD,SAB_NORTH,N12,N12,46.2194033,-59.094255,2017-05-05T15:14:02,NA,VR2AR,546079,A69-1601-60543,Y,2018-06-10T14:19:33,2017,A - Mud,c(-59.094255, 46.2194033)
22,SABMPA,SAB_OLD,SAB_NORTH,N11,N11,46.2158183,-59.1062267,2017-05-05T15:21:53,NA,VR2AR,546089,A69-1601-60553,Y,2018-06-10T14:28:47,2017,A - Mud,c(-59.1062267, 46.2158183)
23,SABMPA,SAB_OLD,SAB_NORTH,N10,N10,46.211525,-59.1181867,2017-05-05T15:30:50,NA,VR2AR,546083,A69-1601-60547,Y,2018-06-10T14:38:20,2017,A - Mud,c(-59.1181867, 46.211525)
24,SABMPA,SAB_OLD,SAB_NORTH,N123,N23,46.24664,-59.01222,2018-06-10T13:17:54,NA,VR2AR,545769,A69-1601-60233,Y,2019-08-07T13:56:00,2018,A - Mud,c(-59.01222, 46.24664)
25,SABMPA,SAB_OLD,SAB_NORTH,N122,N22,46.24223,-59.02358,2018-06-10T13:26:32,NA,VR2AR,545766,A69-1601-60230,Y,2019-08-07T14:03:00,2018,A - Mud,c(-59.02358, 46.24223)
26,SABMPA,SAB_OLD,SAB_NORTH,N121,N21,46.23842,-59.03594,2018-06-10T13:35:45,NA,VR2AR,545771,A69-1601-60235,Y,2019-08-07T14:11:00,2018,A - Mud,c(-59.03594, 46.23842)
27,SABMPA,SAB_OLD,SAB_NORTH,N120,N20,46.23446,-59.04725,2018-06-10T13:44:42,NA,VR2AR,545765,A69-1601-60229,Y,2019-08-07T14:19:00,2018,A - Mud,c(-59.04725, 46.23446)
28,SABMPA,SAB_OLD,SAB_NORTH,N119,N19,46.23071,-59.05889,2018-06-10T13:54:05,NA,VR2AR,545784,A69-1601-60248,Y,2019-08-07T14:28:00,2018,A - Mud,c(-59.05889, 46.23071)
29,SABMPA,SAB_OLD,SAB_NORTH,N118,N18,46.22689,-59.07148,2018-06-10T14:03:11,NA,VR2AR,545773,A69-1601-60237,Y,2019-08-07T14:37:00,2018,A - Mud,c(-59.07148, 46.22689)
30,SABMPA,SAB_OLD,SAB_NORTH,N117,N17,46.22347,-59.08268,2018-06-10T14:10:56,NA,VR2AR,546074,A69-1601-60538,Y,2019-08-07T14:45:00,2018,A - Mud,c(-59.08268, 46.22347)
31,SABMPA,SAB_OLD,SAB_NORTH,N116,N16,46.21945,-59.09393,2018-06-10T14:19:33,NA,VR2AR,545778,A69-1601-60242,Y,2019-08-07T14:52:00,2018,A - Mud,c(-59.09393, 46.21945)
32,SABMPA,SAB_OLD,SAB_NORTH,N115,N15,46.21575,-59.10623,2018-06-10T14:28:47,NA,VR2AR,546072,A69-1601-60536,Y,2019-08-07T15:00:00,2018,A - Mud,c(-59.10623, 46.21575)
33,SABMPA,SAB_OLD,SAB_NORTH,N114,N14,46.2114,-59.11822,2018-06-10T14:38:20,NA,VR2AR,546078,A69-1601-60542,Y,2019-08-07T15:08:00,2018,A - Mud,c(-59.11822, 46.2114)
34,SABMPA,SAB_OLD,SAB_NORTH,N123,N23,46.24656,-59.01227,2019-08-07T13:54:00,NA,VR2AR,545761,A69-1601-60225,Y,2020-08-22T16:39:00,2019,A - Mud,c(-59.01227, 46.24656)
35,SABMPA,SAB_OLD,SAB_NORTH,N122,N22,46.24222,-59.02373,2019-08-07T14:00:00,NA,VR2AR,545713,A69-1601-60177,Y,2020-08-22T16:50:00,2019,A - Mud,c(-59.02373, 46.24222)
36,SABMPA,SAB_OLD,SAB_NORTH,N121,N21,46.23849,-59.03591,2019-08-07T14:09:00,NA,VR2AR,545769,A69-1601-60233,Y,2020-08-22T17:00:00,2019,A - Mud,c(-59.03591, 46.23849)
37,SABMPA,SAB_OLD,SAB_NORTH,N120,N20,46.23442,-59.0472,2019-08-07T14:18:00,NA,VR2AR,545766,A69-1601-60230,Y,2020-08-22T17:09:00,2019,A - Mud,c(-59.0472, 46.23442)
38,SABMPA,SAB_OLD,SAB_NORTH,N119,N19,46.23095,-59.05917,2019-08-07T14:26:00,NA,VR2AR,545771,A69-1601-60235,Y,2020-08-22T17:18:00,2019,A - Mud,c(-59.05917, 46.23095)
39,SABMPA,SAB_OLD,SAB_NORTH,N118,N18,46.22684,-59.07134,2019-08-07T14:35:00,NA,VR2AR,545765,A69-1601-60229,Y,2020-08-22T17:27:00,2019,A - Mud,c(-59.07134, 46.22684)
40,SABMPA,SAB_OLD,SAB_NORTH,N117,N17,46.22362,-59.08259,2019-08-07T14:43:00,NA,VR2AR,545784,A69-1601-60248,Y,2020-08-22T17:37:00,2019,A - Mud,c(-59.08259, 46.22362)
41,SABMPA,SAB_OLD,SAB_NORTH,N116,N16,46.21948,-59.0942,2019-08-07T14:50:00,NA,VR2AR,545773,A69-1601-60237,Y,2020-08-22T17:46:00,2019,A - Mud,c(-59.0942, 46.21948)
42,SABMPA,SAB_OLD,SAB_NORTH,N115,N15,46.2159,-59.10635,2019-08-07T14:58:00,NA,VR2AR,546074,A69-1601-60538,Y,2020-08-22T17:55:00,2019,A - Mud,c(-59.10635, 46.2159)
43,SABMPA,SAB_OLD,SAB_NORTH,N114,N14,46.2117,-59.11821,2019-08-07T15:07:00,NA,VR2AR,545778,A69-1601-60242,Y,2020-08-22T18:04:00,2019,A - Mud,c(-59.11821, 46.2117)
44,SABMPA,SAB_OLD,SAB_NORTH,N123,N23,46.24656,-59.01227,2020-08-22T16:39:00,NA,VR2AR,545781,A69-1601-60245,Y,2021-08-10T12:34:00,2020,A - Mud,c(-59.01227, 46.24656)
45,SABMPA,SAB_OLD,SAB_NORTH,N122,N22,46.24222,-59.02373,2020-08-22T16:54:00,NA,VR2AR,545762,A69-1601-60226,Y,2021-08-10T12:25:00,2020,A - Mud,c(-59.02373, 46.24222)
46,SABMPA,SAB_OLD,SAB_NORTH,N121,N21,46.23849,-59.03591,2020-08-22T17:00:00,NA,VR2AR,545761,A69-1601-60225,Y,2021-08-10T12:15:00,2020,A - Mud,c(-59.03591, 46.23849)
47,SABMPA,SAB_OLD,SAB_NORTH,N120,N20,46.23442,-59.0472,2020-08-22T17:10:00,NA,VR2AR,545713,A69-1601-60177,Y,2021-08-10T12:03:00,2020,A - Mud,c(-59.0472, 46.23442)
48,SABMPA,SAB_OLD,SAB_NORTH,N119,N19,46.23095,-59.05917,2020-08-22T17:19:00,NA,VR2AR,545769,A69-1601-60233,Y,2021-08-10T11:54:00,2020,A - Mud,c(-59.05917, 46.23095)
49,SABMPA,SAB_OLD,SAB_NORTH,N118,N18,46.22684,-59.07134,2020-08-22T17:27:00,NA,VR2AR,545766,A69-1601-60230,Y,2021-08-10T11:43:00,2020,A - Mud,c(-59.07134, 46.22684)
50,SABMPA,SAB_OLD,SAB_NORTH,N117,N17,46.22362,-59.08259,2020-08-22T17:39:00,NA,VR2AR,545771,A69-1601-60235,Y,2021-08-10T11:33:00,2020,A - Mud,c(-59.08259, 46.22362)
51,SABMPA,SAB_OLD,SAB_NORTH,N116,N16,46.21948,-59.0942,2020-08-22T17:47:00,NA,VR2AR,545765,A69-1601-60229,Y,2021-08-10T11:23:00,2020,A - Mud,c(-59.0942, 46.21948)
52,SABMPA,SAB_OLD,SAB_NORTH,N115,N15,46.2159,-59.10635,2020-08-22T17:55:00,NA,VR2AR,545784,A69-1601-60248,Y,2021-08-10T11:12:00,2020,A - Mud,c(-59.10635, 46.2159)
53,SABMPA,SAB_OLD,SAB_NORTH,N114,N14,46.2117,-59.11821,2020-08-22T18:05:00,NA,VR2AR,545773,A69-1601-60237,Y,2021-08-10T11:01:00,2020,A - Mud,c(-59.11821, 46.2117)
54,SABMPA,SAB_OLD,SAB_NORTH,N1,N1,46.17733,-59.22367,2015-05-11T00:00:00,NA,VR2AR,545784,A69-1601-60248,Y,2016-04-17T18:12:00,2015,C - Till >50% cobbles/gravel,c(-59.22367, 46.17733)
55,SABMPA,SAB_OLD,SAB_NORTH,N2,N2,46.18117,-59.21183,2015-05-11T00:00:00,NA,VR2AR,545783,A69-1601-60247,Y,2016-04-17T18:05:00,2015,C - Till >50% cobbles/gravel,c(-59.21183, 46.18117)
56,SABMPA,SAB_OLD,SAB_NORTH,N3,N3,46.185,-59.20017,2015-05-11T00:00:00,NA,VR2AR,545782,A69-1601-60246,Y,2016-04-17T17:53:00,2015,C - Till >50% cobbles/gravel,c(-59.20017, 46.185)
57,SABMPA,SAB_OLD,SAB_NORTH,N4,N4,46.18883,-59.18833,2015-05-11T00:00:00,NA,VR2AR,545763,A69-1601-60227,Y,2016-04-17T17:37:00,2015,C - Till >50% cobbles/gravel,c(-59.18833, 46.18883)
58,SABMPA,SAB_OLD,SAB_NORTH,N5,N5,46.19267,-59.17667,2015-05-11T00:00:00,NA,VR2AR,545774,A69-1601-60238,Y,2016-04-17T17:15:00,2015,C - Till >50% cobbles/gravel,c(-59.17667, 46.19267)
59,SABMPA,SAB_OLD,SAB_NORTH,N6,N6,46.1965,-59.16483,2015-05-11T00:00:00,NA,VR2AR,545767,A69-1601-60231,Y,2016-04-17T17:05:00,2015,C - Till >50% cobbles/gravel,c(-59.16483, 46.1965)
60,SABMPA,SAB_OLD,SAB_NORTH,N7,N7,46.20033,-59.15317,2015-05-11T00:00:00,NA,VR2AR,545777,A69-1601-60241,Y,2016-04-17T16:55:15,2015,C - Till >50% cobbles/gravel,c(-59.15317, 46.20033)
61,SABMPA,SAB_OLD,SAB_NORTH,N8,N8,46.20417,-59.14133,2015-05-11T00:00:00,NA,VR2AR,545760,A69-1601-60224,Y,2016-04-17T16:40:00,2015,C - Till >50% cobbles/gravel,c(-59.14133, 46.20417)
62,SABMPA,SAB_OLD,SAB_NORTH,N9,N9,46.208,-59.12967,2015-05-11T00:00:00,NA,VR2AR,545775,A69-1601-60239,Y,2016-04-17T16:37:00,2015,C - Till >50% cobbles/gravel,c(-59.12967, 46.208)
63,SABMPA,SAB_OLD,SAB_SOUTH,S14,S14,46.02165,-59.0985,2016-04-17T09:59:00,NA,VR2AR,546076,A69-1601-60540,Y,2017-05-05T08:21:36,2016,C - Till >50% cobbles/gravel,c(-59.0985, 46.02165)
64,SABMPA,SAB_OLD,SAB_SOUTH,S15,S15,46.021665,-59.08521,2016-04-17T10:04:36,NA,VR2AR,546087,A69-1601-60551,Y,2017-05-05T08:32:34,2016,C - Till >50% cobbles/gravel,c(-59.08521, 46.021665)
65,SABMPA,SAB_OLD,SAB_SOUTH,S16,S16,46.02184,-59.0727367,2016-04-17T10:09:40,NA,VR2AR,546086,A69-1601-60550,Y,2017-05-05T08:46:02,2016,C - Till >50% cobbles/gravel,c(-59.0727367, 46.02184)
66,SABMPA,SAB_OLD,SAB_SOUTH,S17,S17,46.021775,-59.0594683,2016-04-17T10:14:32,NA,VR2AR,546081,A69-1601-60545,Y,2017-05-05T08:59:38,2016,C - Till >50% cobbles/gravel,c(-59.0594683, 46.021775)
67,SABMPA,SAB_OLD,SAB_NORTH,N09,N9,46.2079083,-59.1304183,2016-04-17T16:32:45,NA,VR2AR,546075,A69-1601-60539,Y,2017-05-05T15:39:56,2016,C - Till >50% cobbles/gravel,c(-59.1304183, 46.2079083)
68,SABMPA,SAB_OLD,SAB_NORTH,N08,N8,46.203695,-59.1413333,2016-04-17T16:42:12,NA,VR2AR,545779,A69-1601-60243,Y,2017-05-05T15:48:59,2016,C - Till >50% cobbles/gravel,c(-59.1413333, 46.203695)
69,SABMPA,SAB_OLD,SAB_NORTH,N07,N7,46.2003167,-59.15317,2016-04-17T16:50:15,NA,VR2AR,545768,A69-1601-60232,Y,2017-05-05T15:57:27,2016,C - Till >50% cobbles/gravel,c(-59.15317, 46.2003167)
70,SABMPA,SAB_OLD,SAB_NORTH,N06,N6,46.19661,-59.1646483,2016-04-17T16:59:18,NA,VR2AR,545780,A69-1601-60244,Y,2017-05-05T16:08:28,2016,C - Till >50% cobbles/gravel,c(-59.1646483, 46.19661)
71,SABMPA,SAB_OLD,SAB_NORTH,N05,N5,46.1924583,-59.1766633,2016-04-17T17:10:48,NA,VR2AR,545775,A69-1601-60239,Y,2017-05-05T16:16:42,2016,C - Till >50% cobbles/gravel,c(-59.1766633, 46.1924583)
72,SABMPA,SAB_OLD,SAB_NORTH,N04,N4,46.18923,-59.188285,2016-04-17T17:32:51,NA,VR2AR,545772,A69-1601-60236,Y,2017-05-05T16:24:56,2016,C - Till >50% cobbles/gravel,c(-59.188285, 46.18923)
73,SABMPA,SAB_OLD,SAB_NORTH,N03,N3,46.1840083,-59.2005267,2016-04-17T17:48:04,NA,VR2AR,545760,A69-1601-60224,Y,2017-05-05T16:34:27,2016,C - Till >50% cobbles/gravel,c(-59.2005267, 46.1840083)
74,SABMPA,SAB_OLD,SAB_NORTH,N02,N2,46.1812317,-59.2119417,2016-04-17T18:01:04,NA,VR2AR,545777,A69-1601-60241,Y,2017-05-05T16:42:42,2016,C - Till >50% cobbles/gravel,c(-59.2119417, 46.1812317)
75,SABMPA,SAB_OLD,SAB_NORTH,N01,N1,46.17732,-59.2236383,2016-04-17T18:10:00,NA,VR2AR,545767,A69-1601-60231,Y,2017-05-05T16:52:00,2016,C - Till >50% cobbles/gravel,c(-59.2236383, 46.17732)
76,SABMPA,SAB_OLD,SAB_NORTH,N15,N15,46.1734283,-59.236135,2016-04-17T18:19:50,NA,VR2AR,545774,A69-1601-60238,Y,2017-05-05T17:00:52,2016,C - Till >50% cobbles/gravel,c(-59.236135, 46.1734283)
77,SABMPA,SAB_OLD,SAB_SOUTH,S14,S14,46.0217467,-59.0979733,2017-05-05T08:21:36,NA,VR2AR,545714,A69-1601-60178,Y,2018-06-10T07:50:24,2017,C - Till >50% cobbles/gravel,c(-59.0979733, 46.0217467)
78,SABMPA,SAB_OLD,SAB_SOUTH,S15,S15,46.0212983,-59.0849783,2017-05-05T08:32:34,NA,VR2AR,545575,A69-1601-60039,Y,2018-06-10T07:57:51,2017,C - Till >50% cobbles/gravel,c(-59.0849783, 46.0212983)
79,SABMPA,SAB_OLD,SAB_SOUTH,S16,S16,46.0214783,-59.0718867,2017-05-05T08:46:02,NA,VR2AR,545577,A69-1601-60041,Y,2018-06-10T08:17:11,2017,C - Till >50% cobbles/gravel,c(-59.0718867, 46.0214783)
80,SABMPA,SAB_OLD,SAB_SOUTH,S17,S17,46.0214883,-59.0597483,2017-05-05T08:59:38,NA,VR2AR,545571,A69-1601-60035,Y,2018-06-10T08:26:02,2017,C - Till >50% cobbles/gravel,c(-59.0597483, 46.0214883)
81,SABMPA,SAB_OLD,SAB_NORTH,N9,N9,46.207945,-59.1299567,2017-05-05T15:39:56,NA,VR2AR,546080,A69-1601-60544,Y,2018-06-10T14:46:45,2017,C - Till >50% cobbles/gravel,c(-59.1299567, 46.207945)
82,SABMPA,SAB_OLD,SAB_NORTH,N8,N8,46.20403,-59.141355,2017-05-05T15:48:59,NA,VR2AR,546082,A69-1601-60546,Y,2018-06-10T14:55:18,2017,C - Till >50% cobbles/gravel,c(-59.141355, 46.20403)
83,SABMPA,SAB_OLD,SAB_NORTH,N7,N7,46.2003583,-59.1534483,2017-05-05T15:57:27,NA,VR2AR,546071,A69-1601-60535,Y,2018-06-10T15:03:29,2017,C - Till >50% cobbles/gravel,c(-59.1534483, 46.2003583)
84,SABMPA,SAB_OLD,SAB_NORTH,N6,N6,46.19662,-59.1646717,2017-05-05T16:08:28,NA,VR2AR,546084,A69-1601-60548,Y,2018-06-10T15:11:15,2017,C - Till >50% cobbles/gravel,c(-59.1646717, 46.19662)
85,SABMPA,SAB_OLD,SAB_NORTH,N5,N5,46.1925033,-59.1767317,2017-05-05T16:16:42,NA,VR2AR,546075,A69-1601-60539,Y,2018-06-10T15:22:17,2017,C - Till >50% cobbles/gravel,c(-59.1767317, 46.1925033)
86,SABMPA,SAB_OLD,SAB_NORTH,N4,N4,46.1890517,-59.18804,2017-05-05T16:24:56,NA,VR2AR,545779,A69-1601-60243,Y,2018-06-10T15:30:00,2017,C - Till >50% cobbles/gravel,c(-59.18804, 46.1890517)
87,SABMPA,SAB_OLD,SAB_NORTH,N3,N3,46.1838233,-59.2002433,2017-05-05T16:34:27,NA,VR2AR,545768,A69-1601-60232,Y,2018-06-10T15:40:10,2017,C - Till >50% cobbles/gravel,c(-59.2002433, 46.1838233)
88,SABMPA,SAB_OLD,SAB_NORTH,N2,N2,46.1814467,-59.21199,2017-05-05T16:42:42,NA,VR2AR,545780,A69-1601-60244,Y,2018-06-10T15:48:37,2017,C - Till >50% cobbles/gravel,c(-59.21199, 46.1814467)
89,SABMPA,SAB_OLD,SAB_NORTH,N1,N1,46.1773633,-59.2234933,2017-05-05T16:52:00,NA,VR2AR,545775,A69-1601-60239,Y,2018-06-10T15:58:09,2017,C - Till >50% cobbles/gravel,c(-59.2234933, 46.1773633)
90,SABMPA,SAB_OLD,SAB_NORTH,N15,N15,46.1734883,-59.2354467,2017-05-05T17:00:52,NA,VR2AR,545772,A69-1601-60236,Y,2018-06-10T16:07:00,2017,C - Till >50% cobbles/gravel,c(-59.2354467, 46.1734883)
91,SABMPA,SAB_OLD,SAB_SOUTH,S101,S1,46.02183,-59.09836,2018-06-10T07:50:24,NA,VR2AR,547101,A69-1601-61565,Y,2019-08-07T08:30:00,2018,C - Till >50% cobbles/gravel,c(-59.09836, 46.02183)
92,SABMPA,SAB_OLD,SAB_SOUTH,S102,S2,46.02143,-59.08513,2018-06-10T07:57:51,NA,VR2AR,547103,A69-1601-61567,Y,2019-08-07T08:46:00,2018,C - Till >50% cobbles/gravel,c(-59.08513, 46.02143)
93,SABMPA,SAB_OLD,SAB_SOUTH,S103,S3,46.02125,-59.07238,2018-06-10T08:17:11,NA,VR2AR,545714,A69-1601-60178,Y,2019-08-07T08:58:00,2018,C - Till >50% cobbles/gravel,c(-59.07238, 46.02125)
94,SABMPA,SAB_OLD,SAB_SOUTH,S104,S4,46.02141,-59.05982,2018-06-10T08:26:02,NA,VR2AR,547102,A69-1601-61566,Y,2019-08-07T09:08:00,2018,C - Till >50% cobbles/gravel,c(-59.05982, 46.02141)
95,SABMPA,SAB_OLD,SAB_NORTH,N113,N13,46.20791,-59.12985,2018-06-10T14:46:45,NA,VR2AR,546079,A69-1601-60543,Y,2019-08-07T15:15:00,2018,C - Till >50% cobbles/gravel,c(-59.12985, 46.20791)
96,SABMPA,SAB_OLD,SAB_NORTH,N112,N12,46.20397,-59.14154,2018-06-10T14:55:18,NA,VR2AR,546089,A69-1601-60553,Y,2019-08-07T15:23:00,2018,C - Till >50% cobbles/gravel,c(-59.14154, 46.20397)
97,SABMPA,SAB_OLD,SAB_NORTH,N111,N11,46.20018,-59.15327,2018-06-10T15:03:29,NA,VR2AR,546083,A69-1601-60547,Y,2019-08-07T15:31:00,2018,C - Till >50% cobbles/gravel,c(-59.15327, 46.20018)
98,SABMPA,SAB_OLD,SAB_NORTH,N110,N10,46.19661,-59.16482,2018-06-10T15:11:15,NA,VR2AR,546080,A69-1601-60544,Y,2019-08-07T15:38:00,2018,C - Till >50% cobbles/gravel,c(-59.16482, 46.19661)
99,SABMPA,SAB_OLD,SAB_NORTH,N109,N9,46.1926,-59.17672,2018-06-10T15:22:17,NA,VR2AR,546082,A69-1601-60546,Y,2019-08-07T15:46:00,2018,C - Till >50% cobbles/gravel,c(-59.17672, 46.1926)
100,SABMPA,SAB_OLD,SAB_NORTH,N108,N8,46.18883,-59.18826,2018-06-10T15:30:00,NA,VR2AR,546071,A69-1601-60535,Y,2019-08-07T15:55:00,2018,C - Till >50% cobbles/gravel,c(-59.18826, 46.18883)
101,SABMPA,SAB_OLD,SAB_NORTH,N107,N7,46.18363,-59.20034,2018-06-10T15:40:10,NA,VR2AR,546084,A69-1601-60548,Y,2019-08-07T16:04:00,2018,C - Till >50% cobbles/gravel,c(-59.20034, 46.18363)
102,SABMPA,SAB_OLD,SAB_NORTH,N106,N6,46.18099,-59.21217,2018-06-10T15:48:37,NA,VR2AR,546075,A69-1601-60539,Y,2019-08-07T16:12:00,2018,C - Till >50% cobbles/gravel,c(-59.21217, 46.18099)
103,SABMPA,SAB_OLD,SAB_NORTH,N105,N5,46.17711,-59.22334,2018-06-10T15:58:09,NA,VR2AR,545779,A69-1601-60243,Y,2019-08-07T16:22:00,2018,C - Till >50% cobbles/gravel,c(-59.22334, 46.17711)
104,SABMPA,SAB_OLD,SAB_NORTH,N104,N4,46.17312,-59.23566,2018-06-10T16:07:00,NA,VR2AR,545768,A69-1601-60232,Y,2019-08-07T16:34:00,2018,C - Till >50% cobbles/gravel,c(-59.23566, 46.17312)
105,SABMPA,SAB_OLD,SAB_SOUTH,S102,S2,46.02146,-59.08555,2019-08-07T08:38:00,NA,VR2AR,546355,A69-1601-60819,Y,2020-08-22T09:46:00,2019,C - Till >50% cobbles/gravel,c(-59.08555, 46.02146)
106,SABMPA,SAB_OLD,SAB_SOUTH,S103,S3,46.02145,-59.07284,2019-08-07T08:51:00,NA,VR2AR,547101,A69-1601-61565,Y,2020-08-22T10:20:00,2019,C - Till >50% cobbles/gravel,c(-59.07284, 46.02145)
107,SABMPA,SAB_OLD,SAB_SOUTH,S104,S4,46.0213,-59.05939,2019-08-07T09:05:00,NA,VR2AR,547103,A69-1601-61567,Y,2020-08-22T10:31:00,2019,C - Till >50% cobbles/gravel,c(-59.05939, 46.0213)
108,SABMPA,SAB_OLD,SAB_NORTH,N113,N13,46.20802,-59.13016,2019-08-07T15:13:00,NA,VR2AR,546072,A69-1601-60536,Y,2020-08-22T18:13:00,2019,C - Till >50% cobbles/gravel,c(-59.13016, 46.20802)
109,SABMPA,SAB_OLD,SAB_NORTH,N112,N12,46.20418,-59.14111,2019-08-07T15:23:00,NA,VR2AR,546078,A69-1601-60542,Y,2020-08-22T18:21:00,2019,C - Till >50% cobbles/gravel,c(-59.14111, 46.20418)
110,SABMPA,SAB_OLD,SAB_NORTH,N111,N11,46.20022,-59.15381,2019-08-07T15:29:00,NA,VR2AR,546079,A69-1601-60543,Y,2020-08-22T18:31:00,2019,C - Till >50% cobbles/gravel,c(-59.15381, 46.20022)
111,SABMPA,SAB_OLD,SAB_NORTH,N110,N10,46.19659,-59.16482,2019-08-07T15:36:00,NA,VR2AR,546089,A69-1601-60553,Y,2020-08-22T18:40:00,2019,C - Till >50% cobbles/gravel,c(-59.16482, 46.19659)
112,SABMPA,SAB_OLD,SAB_NORTH,N109,N9,46.19253,-59.17666,2019-08-07T15:45:00,NA,VR2AR,546083,A69-1601-60547,Y,2020-08-22T18:55:00,2019,C - Till >50% cobbles/gravel,c(-59.17666, 46.19253)
113,SABMPA,SAB_OLD,SAB_NORTH,N108,N8,46.18898,-59.18809,2019-08-07T15:54:00,NA,VR2AR,546080,A69-1601-60544,Y,2020-08-22T19:04:00,2019,C - Till >50% cobbles/gravel,c(-59.18809, 46.18898)
114,SABMPA,SAB_OLD,SAB_NORTH,N107,N7,46.18385,-59.20066,2019-08-07T16:02:00,NA,VR2AR,546082,A69-1601-60546,Y,2020-08-22T19:15:00,2019,C - Till >50% cobbles/gravel,c(-59.20066, 46.18385)
115,SABMPA,SAB_OLD,SAB_NORTH,N106,N6,46.18124,-59.21217,2019-08-07T16:10:00,NA,VR2AR,546071,A69-1601-60535,Y,2020-08-22T19:24:00,2019,C - Till >50% cobbles/gravel,c(-59.21217, 46.18124)
116,SABMPA,SAB_OLD,SAB_NORTH,N105,N5,46.17721,-59.22343,2019-08-07T16:21:00,NA,VR2AR,546084,A69-1601-60548,Y,2020-08-22T19:36:00,2019,C - Till >50% cobbles/gravel,c(-59.22343, 46.17721)
117,SABMPA,SAB_OLD,SAB_NORTH,N104,N4,46.17335,-59.23598,2019-08-07T16:32:00,NA,VR2AR,546075,A69-1601-60539,Y,2020-08-22T19:49:00,2019,C - Till >50% cobbles/gravel,c(-59.23598, 46.17335)
118,SABMPA,SAB_OLD,SAB_SOUTH,S102,S2,46.02146,-59.08555,2020-08-22T09:50:00,NA,VR2AR,549709,A69-1601-60278,Y,2021-08-10T16:40:00,2020,C - Till >50% cobbles/gravel,c(-59.08555, 46.02146)
119,SABMPA,SAB_OLD,SAB_SOUTH,S101,S1,46.02117,-59.0982,2020-08-22T10:07:00,NA,VR2AR,549710,A69-1601-60279,Y,2021-08-10T16:49:00,2020,C - Till >50% cobbles/gravel,c(-59.0982, 46.02117)
120,SABMPA,SAB_OLD,SAB_SOUTH,S103,S3,46.02145,-59.07284,2020-08-22T10:22:00,NA,VR2AR,549708,A69-1601-60277,Y,2021-08-10T16:58:00,2020,C - Till >50% cobbles/gravel,c(-59.07284, 46.02145)
121,SABMPA,SAB_OLD,SAB_SOUTH,S104,S4,46.0213,-59.05939,2020-08-22T10:33:00,NA,VR2AR,546355,A69-1601-60819,Y,2021-08-10T17:07:00,2020,C - Till >50% cobbles/gravel,c(-59.05939, 46.0213)
122,SABMPA,SAB_OLD,SAB_NORTH,N113,N13,46.20802,-59.13016,2020-08-22T18:15:00,NA,VR2AR,546074,A69-1601-60538,Y,2021-08-10T10:50:00,2020,C - Till >50% cobbles/gravel,c(-59.13016, 46.20802)
123,SABMPA,SAB_OLD,SAB_NORTH,N112,N12,46.20418,-59.14111,2020-08-22T18:22:00,NA,VR2AR,545778,A69-1601-60242,Y,2021-08-10T10:39:00,2020,C - Till >50% cobbles/gravel,c(-59.14111, 46.20418)
124,SABMPA,SAB_OLD,SAB_NORTH,N111,N11,46.20022,-59.15381,2020-08-22T18:31:00,NA,VR2AR,546072,A69-1601-60536,Y,2021-08-10T10:27:00,2020,C - Till >50% cobbles/gravel,c(-59.15381, 46.20022)
125,SABMPA,SAB_OLD,SAB_NORTH,N110,N10,46.19659,-59.16482,2020-08-22T18:40:00,NA,VR2AR,546078,A69-1601-60542,Y,2021-08-10T10:13:00,2020,C - Till >50% cobbles/gravel,c(-59.16482, 46.19659)
126,SABMPA,SAB_OLD,SAB_NORTH,N109,N9,46.19253,-59.17666,2020-08-22T18:57:00,NA,VR2AR,546079,A69-1601-60543,Y,2021-08-10T10:04:00,2020,C - Till >50% cobbles/gravel,c(-59.17666, 46.19253)
127,SABMPA,SAB_OLD,SAB_NORTH,N108,N8,46.18898,-59.18809,2020-08-22T19:06:00,NA,VR2AR,546089,A69-1601-60553,Y,2021-08-10T09:51:00,2020,C - Till >50% cobbles/gravel,c(-59.18809, 46.18898)
128,SABMPA,SAB_OLD,SAB_NORTH,N107,N7,46.18385,-59.20066,2020-08-22T19:15:00,NA,VR2AR,546083,A69-1601-60547,Y,2021-08-10T09:42:00,2020,C - Till >50% cobbles/gravel,c(-59.20066, 46.18385)
129,SABMPA,SAB_OLD,SAB_NORTH,N106,N6,46.18124,-59.21217,2020-08-22T19:25:00,NA,VR2AR,546080,A69-1601-60544,Y,2021-08-10T09:27:00,2020,C - Till >50% cobbles/gravel,c(-59.21217, 46.18124)
130,SABMPA,SAB_OLD,SAB_NORTH,N105,N5,46.17721,-59.22343,2020-08-22T19:36:00,NA,VR2AR,546082,A69-1601-60546,Y,2021-08-10T09:18:00,2020,C - Till >50% cobbles/gravel,c(-59.22343, 46.17721)
131,SABMPA,SAB_OLD,SAB_NORTH,N104,N4,46.17335,-59.23598,2020-08-22T19:50:00,NA,VR2AR,546071,A69-1601-60535,Y,2021-08-10T09:06:00,2020,C - Till >50% cobbles/gravel,c(-59.23598, 46.17335)
132,SABMPA,SAB_NEW,SAB_NEW,2021_17,2021_17,45.98791,-59.11802,2021-08-10T21:48:00,NA,VR2AR,546076,A69-1601-60540,Y,2022-08-06T14:08:00,2021,C - Till >50% cobbles/gravel,c(-59.11802, 45.98791)
133,SABMPA,SAB_NEW,SAB_NEW,2021_16,2021_16,45.98807,-59.13187,2021-08-10T21:53:00,NA,VR2AR,546088,A69-1601-60552,Y,2022-08-06T14:17:00,2021,C - Till >50% cobbles/gravel,c(-59.13187, 45.98807)
134,SABMPA,SAB_NEW,SAB_NEW,2021_14,2021_14,45.988,-59.15853,2021-08-10T22:02:00,NA,VR2AR,547101,A69-1601-61565,Y,2022-08-06T14:50:00,2021,C - Till >50% cobbles/gravel,c(-59.15853, 45.988)
135,SABMPA,SAB_NEW,SAB_NEW,2021_03,2021_03,45.98773,-59.30733,2021-08-10T22:55:00,NA,VR2AR,545713,A69-1601-60177,Y,2022-08-06T17:38:00,2021,C - Till >50% cobbles/gravel,c(-59.30733, 45.98773)
136,SABMPA,SAB_NEW,SAB_NEW,2021_01,2021_01,45.98766,-59.3335,2021-08-10T23:04:00,NA,VR2AR,545769,A69-1601-60233,Y,2022-08-06T17:55:00,2021,C - Till >50% cobbles/gravel,c(-59.3335, 45.98766)
137,SABMPA,SAB_NEW,SAB_NEW,2021_17,2021_17,45.98791,-59.11802,2022-08-06T14:09:00,NA,VR2AR,547102,A69-1601-61566,Y,2023-08-16T15:01:00,2022,C - Till >50% cobbles/gravel,c(-59.11802, 45.98791)
138,SABMPA,SAB_NEW,SAB_NEW,2021_16,2021_16,45.98807,-59.13187,2022-08-06T14:19:00,NA,VR2AR,545714,A69-1601-60178,Y,2023-08-16T15:09:00,2022,C - Till >50% cobbles/gravel,c(-59.13187, 45.98807)
139,SABMPA,SAB_NEW,SAB_NEW,2021_14,2021_14,45.988,-59.15853,2022-08-06T14:53:00,NA,VR2AR,545570,A69-1601-60034,Y,2023-08-16T15:24:00,2022,C - Till >50% cobbles/gravel,c(-59.15853, 45.988)
140,SABMPA,SAB_NEW,SAB_NEW,2021_03,2021_03,45.98773,-59.30733,2022-08-06T17:38:00,NA,VR2AR,549710,A69-1601-60279,Y,2023-08-16T17:16:00,2022,C - Till >50% cobbles/gravel,c(-59.30733, 45.98773)
141,SABMPA,SAB_NEW,SAB_NEW,2021_01,2021_01,45.98766,-59.3335,2022-08-06T17:56:00,NA,VR2AR,545766,A69-1601-60230,Y,2023-08-16T18:02:00,2022,C - Till >50% cobbles/gravel,c(-59.3335, 45.98766)
142,SABMPA,SAB_NEW,SAB_NEW,2021_13,2021_13,45.98797,-59.17136,2021-08-10T22:07:00,NA,VR2AR,545575,A69-1601-60039,Y,2022-08-06T15:28:00,2021,D - Till with coraline algae,c(-59.17136, 45.98797)
143,SABMPA,SAB_NEW,SAB_NEW,2021_12,2021_12,45.98796,-59.1857,2021-08-10T22:12:00,NA,VR2AR,546355,A69-1601-60819,Y,2022-08-06T15:47:00,2021,D - Till with coraline algae,c(-59.1857, 45.98796)
144,SABMPA,SAB_NEW,SAB_NEW,2021_11,2021_11,45.98792,-59.19902,2021-08-10T22:17:00,NA,VR2AR,546086,A69-1601-60550,Y,2022-08-06T16:00:00,2021,D - Till with coraline algae,c(-59.19902, 45.98792)
145,SABMPA,SAB_NEW,SAB_NEW,2021_10,2021_10,45.98789,-59.21236,2021-08-10T22:21:00,NA,VR2AR,546087,A69-1601-60551,Y,2022-08-06T16:10:00,2021,D - Till with coraline algae,c(-59.21236, 45.98789)
146,SABMPA,SAB_NEW,SAB_NEW,2021_09,2021_09,45.98785,-59.22519,2021-08-10T22:26:00,NA,VR2AR,547103,A69-1601-61567,Y,2022-08-06T16:18:00,2021,D - Till with coraline algae,c(-59.22519, 45.98785)
147,SABMPA,SAB_NEW,SAB_NEW,2021_08,2021_08,45.98788,-59.24017,2021-08-10T22:31:00,NA,VR2AR,549709,A69-1601-60278,Y,2022-08-06T16:39:00,2021,D - Till with coraline algae,c(-59.24017, 45.98788)
148,SABMPA,SAB_NEW,SAB_NEW,2021_06,2021_06,45.98781,-59.26683,2021-08-10T22:41:00,NA,VR2AR,549710,A69-1601-60279,Y,2022-08-06T17:09:00,2021,D - Till with coraline algae,c(-59.26683, 45.98781)
149,SABMPA,SAB_NEW,SAB_NEW,2021_05,2021_05,45.98778,-59.27967,2021-08-10T22:45:00,NA,VR2AR,545762,A69-1601-60226,Y,2022-08-06T17:17:00,2021,D - Till with coraline algae,c(-59.27967, 45.98778)
150,SABMPA,SAB_NEW,SAB_NEW,2021_13,2021_13,45.98797,-59.17136,2022-08-06T15:32:00,NA,VR2AR,546076,A69-1601-60540,Y,2023-08-16T15:36:00,2022,D - Till with coraline algae,c(-59.17136, 45.98797)
151,SABMPA,SAB_NEW,SAB_NEW,2021_12,2021_12,45.98796,-59.1857,2022-08-06T15:49:00,NA,VR2AR,546088,A69-1601-60552,Y,2023-08-16T15:45:00,2022,D - Till with coraline algae,c(-59.1857, 45.98796)
152,SABMPA,SAB_NEW,SAB_NEW,2021_11,2021_11,45.98792,-59.19902,2022-08-06T16:01:00,NA,VR2AR,547101,A69-1601-61565,Y,2023-08-16T15:57:00,2022,D - Till with coraline algae,c(-59.19902, 45.98792)
153,SABMPA,SAB_NEW,SAB_NEW,2021_10,2021_10,45.98789,-59.21236,2022-08-06T16:10:00,NA,VR2AR,545575,A69-1601-60039,Y,2023-08-16T16:13:00,2022,D - Till with coraline algae,c(-59.21236, 45.98789)
154,SABMPA,SAB_NEW,SAB_NEW,2021_09,2021_09,45.98785,-59.22519,2022-08-06T16:19:00,NA,VR2AR,546355,A69-1601-60819,Y,2023-08-16T16:22:00,2022,D - Till with coraline algae,c(-59.22519, 45.98785)
155,SABMPA,SAB_NEW,SAB_NEW,2021_08,2021_08,45.98788,-59.24017,2022-08-06T16:39:00,NA,VR2AR,546086,A69-1601-60550,Y,2023-08-16T16:33:00,2022,D - Till with coraline algae,c(-59.24017, 45.98788)
156,SABMPA,SAB_NEW,SAB_NEW,2021_06,2021_06,45.98781,-59.26683,2022-08-06T17:09:00,NA,VR2AR,546087,A69-1601-60551,Y,2023-08-16T16:47:00,2022,D - Till with coraline algae,c(-59.26683, 45.98781)
157,SABMPA,SAB_NEW,SAB_NEW,2021_05,2021_05,45.98778,-59.27967,2022-08-06T17:18:00,NA,VR2AR,547103,A69-1601-61567,Y,2023-08-16T16:57:00,2022,D - Till with coraline algae,c(-59.27967, 45.98778)
158,SABMPA,SAB_OLD,SAB_SOUTH,S1,S1,46.02183,-59.03367,2015-05-11T00:00:00,NA,VR2AR,545764,A69-1601-60228,Y,2016-04-17T10:30:00,2015,A - Mud,c(-59.03367, 46.02183)
159,SABMPA,SAB_OLD,SAB_SOUTH,S10,S10,46.02183,-58.917,2015-05-11T00:00:00,NA,VR2AR,545765,A69-1601-60229,Y,2016-04-17T12:25:00,2015,A - Mud,c(-58.917, 46.02183)
160,SABMPA,SAB_OLD,SAB_SOUTH,S11,S11,46.02183,-58.90417,2015-05-11T00:00:00,NA,VR2AR,545778,A69-1601-60242,Y,2016-04-17T12:36:00,2015,A - Mud,c(-58.90417, 46.02183)
161,SABMPA,SAB_OLD,SAB_SOUTH,S12,S12,46.02183,-58.89117,2015-05-11T00:00:00,NA,VR2AR,545776,A69-1601-60240,Y,2016-04-17T12:47:00,2015,A - Mud,c(-58.89117, 46.02183)
162,SABMPA,SAB_OLD,SAB_SOUTH,S13,S13,46.02183,-58.87817,2015-05-11T00:00:00,NA,VR2AR,545773,A69-1601-60237,Y,2016-04-17T13:02:00,2015,A - Mud,c(-58.87817, 46.02183)
163,SABMPA,SAB_OLD,SAB_SOUTH,S2,S2,46.02183,-59.02067,2015-05-11T00:00:00,NA,VR2AR,545770,A69-1601-60234,Y,2016-04-17T10:52:00,2015,A - Mud,c(-59.02067, 46.02183)
164,SABMPA,SAB_OLD,SAB_SOUTH,S3,S3,46.02183,-59.00783,2015-05-11T00:00:00,NA,VR2AR,545781,A69-1601-60245,Y,2016-04-17T11:05:00,2015,A - Mud,c(-59.00783, 46.02183)
165,SABMPA,SAB_OLD,SAB_SOUTH,S4,S4,46.02183,-58.99483,2015-05-11T00:00:00,NA,VR2AR,545762,A69-1601-60226,Y,2016-04-17T11:10:00,2015,A - Mud,c(-58.99483, 46.02183)
166,SABMPA,SAB_OLD,SAB_SOUTH,S5,S5,46.02183,-58.98183,2015-05-11T00:00:00,NA,VR2AR,545761,A69-1601-60225,Y,2016-04-17T11:15:00,2015,A - Mud,c(-58.98183, 46.02183)
167,SABMPA,SAB_OLD,SAB_SOUTH,S6,S6,46.02183,-58.96883,2015-05-11T00:00:00,NA,VR2AR,545713,A69-1601-60177,Y,2016-04-17T11:30:00,2015,A - Mud,c(-58.96883, 46.02183)
168,SABMPA,SAB_OLD,SAB_SOUTH,S7,S7,46.02183,-58.956,2015-05-11T00:00:00,NA,VR2AR,545769,A69-1601-60233,Y,2016-04-17T11:52:00,2015,A - Mud,c(-58.956, 46.02183)
169,SABMPA,SAB_OLD,SAB_SOUTH,S8,S8,46.02183,-58.943,2015-05-11T00:00:00,NA,VR2AR,545766,A69-1601-60230,Y,2016-04-17T12:04:00,2015,A - Mud,c(-58.943, 46.02183)
170,SABMPA,SAB_OLD,SAB_SOUTH,S9,S9,46.02183,-58.93,2015-05-11T00:00:00,NA,VR2AR,545771,A69-1601-60235,Y,2016-04-17T12:15:00,2015,A - Mud,c(-58.93, 46.02183)
171,SABMPA,SAB_OLD,SAB_SOUTH,S18,S18,46.021835,-59.0470217,2016-04-17T10:19:52,NA,VR2AR,546088,A69-1601-60552,Y,2017-05-05T09:11:08,2016,A - Mud,c(-59.0470217, 46.021835)
172,SABMPA,SAB_OLD,SAB_SOUTH,S01,S1,46.0217533,-59.034,2016-04-17T10:25:07,NA,VR2AR,546085,A69-1601-60549,Y,2017-05-05T09:24:15,2016,A - Mud,c(-59.034, 46.0217533)
173,SABMPA,SAB_OLD,SAB_SOUTH,S02,S2,46.0217517,-59.0196017,2016-04-17T10:47:46,NA,VR2AR,546090,A69-1601-60554,Y,2017-05-05T09:38:17,2016,A - Mud,c(-59.0196017, 46.0217517)
174,SABMPA,SAB_OLD,SAB_SOUTH,S03,S3,46.0218417,-59.0077333,2016-04-17T11:00:03,NA,VR2AR,546077,A69-1601-60541,Y,2017-05-05T09:49:32,2016,A - Mud,c(-59.0077333, 46.0218417)
175,SABMPA,SAB_OLD,SAB_SOUTH,S04,S4,46.0221667,-58.9950333,2016-04-17T11:05:45,NA,VR2AR,546073,A69-1601-60537,Y,2017-05-05T10:02:07,2016,A - Mud,c(-58.9950333, 46.0221667)
176,SABMPA,SAB_OLD,SAB_SOUTH,S05,S5,46.0219883,-58.9821033,2016-04-17T11:17:36,NA,VR2AR,545764,A69-1601-60228,Y,2017-05-05T10:12:10,2016,A - Mud,c(-58.9821033, 46.0219883)
177,SABMPA,SAB_OLD,SAB_SOUTH,S06,S6,46.0217067,-58.9693883,2016-04-17T11:29:19,NA,VR2AR,545770,A69-1601-60234,Y,2017-05-05T10:21:33,2016,A - Mud,c(-58.9693883, 46.0217067)
178,SABMPA,SAB_OLD,SAB_SOUTH,S07,S7,46.02181,-58.9558467,2016-04-17T11:47:42,NA,VR2AR,545781,A69-1601-60245,Y,2017-05-05T10:32:23,2016,A - Mud,c(-58.9558467, 46.02181)
179,SABMPA,SAB_OLD,SAB_SOUTH,S08,S8,46.0218767,-58.942495,2016-04-17T11:59:56,NA,VR2AR,545762,A69-1601-60226,Y,2017-05-05T10:41:39,2016,A - Mud,c(-58.942495, 46.0218767)
180,SABMPA,SAB_OLD,SAB_SOUTH,S09,S9,46.0221683,-58.9298167,2016-04-17T12:11:01,NA,VR2AR,545761,A69-1601-60225,Y,2017-05-05T10:50:29,2016,A - Mud,c(-58.9298167, 46.0221683)
181,SABMPA,SAB_OLD,SAB_SOUTH,S10,S10,46.021515,-58.9173083,2016-04-17T12:21:47,NA,VR2AR,545713,A69-1601-60177,Y,2017-05-05T11:00:44,2016,A - Mud,c(-58.9173083, 46.021515)
182,SABMPA,SAB_OLD,SAB_SOUTH,S11,S11,46.0229433,-58.9034167,2016-04-17T12:31:24,NA,VR2AR,545769,A69-1601-60233,Y,2017-05-05T11:10:08,2016,A - Mud,c(-58.9034167, 46.0229433)
183,SABMPA,SAB_OLD,SAB_SOUTH,S12,S12,46.0222267,-58.8909633,2016-04-17T12:43:27,NA,VR2AR,545766,A69-1601-60230,Y,2017-05-05T11:19:30,2016,A - Mud,c(-58.8909633, 46.0222267)
184,SABMPA,SAB_OLD,SAB_SOUTH,S13,S13,46.0219567,-58.8777333,2016-04-17T12:58:50,NA,VR2AR,545771,A69-1601-60235,Y,2017-05-05T11:28:53,2016,A - Mud,c(-58.8777333, 46.0219567)
185,SABMPA,SAB_OLD,SAB_SOUTH,S19,S19,46.0217517,-58.8646533,2016-04-17T13:11:19,NA,VR2AR,545765,A69-1601-60229,Y,2017-05-05T11:38:36,2016,A - Mud,c(-58.8646533, 46.0217517)
186,SABMPA,SAB_OLD,SAB_SOUTH,S22,S22,46.0220217,-58.8260633,2016-04-17T13:34:51,NA,VR2AR,546074,A69-1601-60538,Y,2017-05-05T12:10:19,2016,A - Mud,c(-58.8260633, 46.0220217)
187,SABMPA,SAB_OLD,SAB_SOUTH,S23,S23,46.0220817,-58.8129933,2016-04-17T13:40:16,NA,VR2AR,545778,A69-1601-60242,Y,2017-05-05T12:18:36,2016,A - Mud,c(-58.8129933, 46.0220817)
188,SABMPA,SAB_OLD,SAB_SOUTH,S18,S18,46.0210717,-59.0471433,2017-05-05T09:11:08,NA,VR2AR,546076,A69-1601-60540,Y,2018-06-10T08:37:48,2017,A - Mud,c(-59.0471433, 46.0210717)
189,SABMPA,SAB_OLD,SAB_SOUTH,S1,S1,46.0217633,-59.0339,2017-05-05T09:24:15,NA,VR2AR,545570,A69-1601-60034,Y,2018-06-10T08:49:56,2017,A - Mud,c(-59.0339, 46.0217633)
190,SABMPA,SAB_OLD,SAB_SOUTH,S2,S2,46.0215817,-59.0212517,2017-05-05T09:38:17,NA,VR2AR,546087,A69-1601-60551,Y,2018-06-10T08:59:22,2017,A - Mud,c(-59.0212517, 46.0215817)
191,SABMPA,SAB_OLD,SAB_SOUTH,S3,S3,46.0219467,-59.0078067,2017-05-05T09:49:32,NA,VR2AR,546086,A69-1601-60550,Y,2018-06-10T09:12:20,2017,A - Mud,c(-59.0078067, 46.0219467)
192,SABMPA,SAB_OLD,SAB_SOUTH,S4,S4,46.0217433,-58.9951117,2017-05-05T10:02:07,NA,VR2AR,546081,A69-1601-60545,Y,2018-06-10T09:20:57,2017,A - Mud,c(-58.9951117, 46.0217433)
193,SABMPA,SAB_OLD,SAB_SOUTH,S5,S5,46.0218,-58.9823183,2017-05-05T10:12:10,NA,VR2AR,546088,A69-1601-60552,Y,2018-06-10T09:30:05,2017,A - Mud,c(-58.9823183, 46.0218)
194,SABMPA,SAB_OLD,SAB_SOUTH,S6,S6,46.021765,-58.9691933,2017-05-05T10:21:33,NA,VR2AR,546090,A69-1601-60554,Y,2018-06-10T09:38:55,2017,A - Mud,c(-58.9691933, 46.021765)
195,SABMPA,SAB_OLD,SAB_SOUTH,S7,S7,46.0217517,-58.9559967,2017-05-05T10:32:23,NA,VR2AR,546077,A69-1601-60541,Y,2018-06-10T09:48:45,2017,A - Mud,c(-58.9559967, 46.0217517)
196,SABMPA,SAB_OLD,SAB_SOUTH,S8,S8,46.0218517,-58.9432033,2017-05-05T10:41:39,NA,VR2AR,546073,A69-1601-60537,Y,2018-06-10T09:57:27,2017,A - Mud,c(-58.9432033, 46.0218517)
197,SABMPA,SAB_OLD,SAB_SOUTH,S9,S9,46.0218583,-58.93022,2017-05-05T10:50:29,NA,VR2AR,545764,A69-1601-60228,Y,2018-06-10T10:06:28,2017,A - Mud,c(-58.93022, 46.0218583)
198,SABMPA,SAB_OLD,SAB_SOUTH,S10,S10,46.02195,-58.91744,2017-05-05T11:00:44,NA,VR2AR,546085,A69-1601-60549,Y,2018-06-10T10:15:09,2017,A - Mud,c(-58.91744, 46.02195)
199,SABMPA,SAB_OLD,SAB_SOUTH,S11,S11,46.021975,-58.9041383,2017-05-05T11:10:08,NA,VR2AR,545770,A69-1601-60234,Y,2018-06-10T10:23:50,2017,A - Mud,c(-58.9041383, 46.021975)
200,SABMPA,SAB_OLD,SAB_SOUTH,S12,S12,46.02181,-58.8914383,2017-05-05T11:19:30,NA,VR2AR,545781,A69-1601-60245,Y,2018-06-10T10:33:46,2017,A - Mud,c(-58.8914383, 46.02181)
201,SABMPA,SAB_OLD,SAB_SOUTH,S13,S13,46.0216867,-58.8781117,2017-05-05T11:28:53,NA,VR2AR,545762,A69-1601-60226,Y,2018-06-10T10:42:29,2017,A - Mud,c(-58.8781117, 46.0216867)
202,SABMPA,SAB_OLD,SAB_SOUTH,S19,S19,46.02147,-58.864935,2017-05-05T11:38:36,NA,VR2AR,545761,A69-1601-60225,Y,2018-06-10T10:51:26,2017,A - Mud,c(-58.864935, 46.02147)
203,SABMPA,SAB_OLD,SAB_SOUTH,S22,S22,46.0218483,-58.8264917,2017-05-05T12:10:19,NA,VR2AR,545766,A69-1601-60230,Y,2018-06-10T11:17:23,2017,A - Mud,c(-58.8264917, 46.0218483)
204,SABMPA,SAB_OLD,SAB_SOUTH,S23,S23,46.0217517,-58.81311,2017-05-05T12:18:36,NA,VR2AR,545771,A69-1601-60235,Y,2018-06-10T11:25:52,2017,A - Mud,c(-58.81311, 46.0217517)
205,SABMPA,SAB_OLD,SAB_SOUTH,S105,S5,46.02091,-59.04642,2018-06-10T08:37:48,NA,VR2AR,545575,A69-1601-60039,Y,2019-08-07T09:18:00,2018,A - Mud,c(-59.04642, 46.02091)
206,SABMPA,SAB_OLD,SAB_SOUTH,S106,S6,46.02219,-59.03353,2018-06-10T08:49:56,NA,VR2AR,545577,A69-1601-60041,Y,2019-08-07T09:28:00,2018,A - Mud,c(-59.03353, 46.02219)
207,SABMPA,SAB_OLD,SAB_SOUTH,S107,S7,46.02177,-59.02082,2018-06-10T08:59:22,NA,VR2AR,545571,A69-1601-60035,Y,2019-08-07T09:37:00,2018,A - Mud,c(-59.02082, 46.02177)
208,SABMPA,SAB_OLD,SAB_SOUTH,S108,S8,46.02186,-59.0051,2018-06-10T09:12:20,NA,VR2AR,546076,A69-1601-60540,Y,2019-08-07T09:45:00,2018,A - Mud,c(-59.0051, 46.02186)
209,SABMPA,SAB_OLD,SAB_SOUTH,S109,S9,46.02182,-58.99478,2018-06-10T09:20:57,NA,VR2AR,545570,A69-1601-60034,Y,2019-08-07T09:55:00,2018,A - Mud,c(-58.99478, 46.02182)
210,SABMPA,SAB_OLD,SAB_SOUTH,S110,S10,46.02162,-58.98206,2018-06-10T09:30:05,NA,VR2AR,546087,A69-1601-60551,Y,2019-08-07T10:07:00,2018,A - Mud,c(-58.98206, 46.02162)
211,SABMPA,SAB_OLD,SAB_SOUTH,S111,S11,46.02176,-58.96889,2018-06-10T09:38:55,NA,VR2AR,546086,A69-1601-60550,Y,2019-08-07T10:17:00,2018,A - Mud,c(-58.96889, 46.02176)
212,SABMPA,SAB_OLD,SAB_SOUTH,S112,S12,46.02178,-58.95601,2018-06-10T09:48:45,NA,VR2AR,546081,A69-1601-60545,Y,2019-08-07T10:24:00,2018,A - Mud,c(-58.95601, 46.02178)
213,SABMPA,SAB_OLD,SAB_SOUTH,S113,S13,46.02188,-58.94312,2018-06-10T09:57:27,NA,VR2AR,546088,A69-1601-60552,Y,2019-08-07T10:33:00,2018,A - Mud,c(-58.94312, 46.02188)
214,SABMPA,SAB_OLD,SAB_SOUTH,S114,S14,46.02174,-58.93012,2018-06-10T10:06:28,NA,VR2AR,546090,A69-1601-60554,Y,2019-08-07T10:41:00,2018,A - Mud,c(-58.93012, 46.02174)
215,SABMPA,SAB_OLD,SAB_SOUTH,S115,S15,46.02187,-58.91715,2018-06-10T10:15:09,NA,VR2AR,546077,A69-1601-60541,Y,2019-08-07T10:49:00,2018,A - Mud,c(-58.91715, 46.02187)
216,SABMPA,SAB_OLD,SAB_SOUTH,S116,S16,46.02196,-58.90423,2018-06-10T10:23:50,NA,VR2AR,546073,A69-1601-60537,Y,2019-08-07T10:58:00,2018,A - Mud,c(-58.90423, 46.02196)
217,SABMPA,SAB_OLD,SAB_SOUTH,S117,S17,46.0218,-58.89138,2018-06-10T10:33:46,NA,VR2AR,545764,A69-1601-60228,Y,2019-08-07T11:06:00,2018,A - Mud,c(-58.89138, 46.0218)
218,SABMPA,SAB_OLD,SAB_SOUTH,S118,S18,46.02168,-58.87804,2018-06-10T10:42:29,NA,VR2AR,546085,A69-1601-60549,Y,2019-08-07T11:15:00,2018,A - Mud,c(-58.87804, 46.02168)
219,SABMPA,SAB_OLD,SAB_SOUTH,S119,S19,46.02167,-58.8648,2018-06-10T10:51:26,NA,VR2AR,545770,A69-1601-60234,Y,2019-08-07T11:23:00,2018,A - Mud,c(-58.8648, 46.02167)
220,SABMPA,SAB_OLD,SAB_SOUTH,S122,S22,46.02174,-58.82628,2018-06-10T11:17:23,NA,VR2AR,545761,A69-1601-60225,Y,2019-08-07T11:48:00,2018,A - Mud,c(-58.82628, 46.02174)
221,SABMPA,SAB_OLD,SAB_SOUTH,S123,S23,46.02181,-58.813,2018-06-10T11:25:52,NA,VR2AR,545713,A69-1601-60177,Y,2019-08-07T11:58:00,2018,A - Mud,c(-58.813, 46.02181)
222,SABMPA,SAB_OLD,SAB_SOUTH,S105,S5,46.02084,-59.04672,2019-08-07T09:14:00,NA,VR2AR,545714,A69-1601-60178,Y,2020-08-22T10:42:00,2019,A - Mud,c(-59.04672, 46.02084)
223,SABMPA,SAB_OLD,SAB_SOUTH,S106,S6,46.02144,-59.03361,2019-08-07T09:25:00,NA,VR2AR,547102,A69-1601-61566,Y,2020-08-22T10:52:00,2019,A - Mud,c(-59.03361, 46.02144)
224,SABMPA,SAB_OLD,SAB_SOUTH,S107,S7,46.02138,-59.02054,2019-08-07T09:34:00,NA,VR2AR,545575,A69-1601-60039,Y,2020-08-22T11:03:00,2019,A - Mud,c(-59.02054, 46.02138)
225,SABMPA,SAB_OLD,SAB_SOUTH,S108,S8,46.02179,-59.00778,2019-08-07T09:44:00,NA,VR2AR,545577,A69-1601-60041,Y,2020-08-22T11:13:00,2019,A - Mud,c(-59.00778, 46.02179)
226,SABMPA,SAB_OLD,SAB_SOUTH,S109,S9,46.02184,-58.99466,2019-08-07T09:52:00,NA,VR2AR,545571,A69-1601-60035,Y,2020-08-22T11:24:00,2019,A - Mud,c(-58.99466, 46.02184)
227,SABMPA,SAB_OLD,SAB_SOUTH,S110,S10,46.02172,-58.98192,2019-08-07T10:06:00,NA,VR2AR,546076,A69-1601-60540,Y,2020-08-22T11:33:00,2019,A - Mud,c(-58.98192, 46.02172)
228,SABMPA,SAB_OLD,SAB_SOUTH,S111,S11,46.02175,-58.96895,2019-08-07T10:15:00,NA,VR2AR,545570,A69-1601-60034,Y,2020-08-22T11:42:00,2019,A - Mud,c(-58.96895, 46.02175)
229,SABMPA,SAB_OLD,SAB_SOUTH,S112,S12,46.02187,-58.95611,2019-08-07T10:22:00,NA,VR2AR,546087,A69-1601-60551,Y,2020-08-22T11:52:00,2019,A - Mud,c(-58.95611, 46.02187)
230,SABMPA,SAB_OLD,SAB_SOUTH,S113,S13,46.02172,-58.94313,2019-08-07T10:31:00,NA,VR2AR,546086,A69-1601-60550,Y,2020-08-22T12:05:00,2019,A - Mud,c(-58.94313, 46.02172)
231,SABMPA,SAB_OLD,SAB_SOUTH,S114,S14,46.02179,-58.93022,2019-08-07T10:39:00,NA,VR2AR,546081,A69-1601-60545,Y,2020-08-22T12:14:00,2019,A - Mud,c(-58.93022, 46.02179)
232,SABMPA,SAB_OLD,SAB_SOUTH,S115,S15,46.02154,-58.91703,2019-08-07T10:47:00,NA,VR2AR,546088,A69-1601-60552,Y,2020-08-22T12:34:00,2019,A - Mud,c(-58.91703, 46.02154)
233,SABMPA,SAB_OLD,SAB_SOUTH,S116,S16,46.02187,-58.90431,2019-08-07T10:55:00,NA,VR2AR,546090,A69-1601-60554,Y,2020-08-22T12:44:00,2019,A - Mud,c(-58.90431, 46.02187)
234,SABMPA,SAB_OLD,SAB_SOUTH,S118,S18,46.02175,-58.8783,2019-08-07T11:13:00,NA,VR2AR,546073,A69-1601-60537,Y,2020-08-22T13:17:00,2019,A - Mud,c(-58.8783, 46.02175)
235,SABMPA,SAB_OLD,SAB_SOUTH,S119,S19,46.02158,-58.86502,2019-08-07T11:21:00,NA,VR2AR,545764,A69-1601-60228,Y,2020-08-22T13:36:00,2019,A - Mud,c(-58.86502, 46.02158)
236,SABMPA,SAB_OLD,SAB_SOUTH,S122,S22,46.02172,-58.82676,2019-08-07T11:46:00,NA,VR2AR,545781,A69-1601-60245,Y,2020-08-22T14:21:00,2019,A - Mud,c(-58.82676, 46.02172)
237,SABMPA,SAB_OLD,SAB_SOUTH,S123,S23,46.02164,-58.81322,2019-08-07T11:54:00,NA,VR2AR,545762,A69-1601-60226,Y,2020-08-22T14:30:00,2019,A - Mud,c(-58.81322, 46.02164)
238,SABMPA,SAB_OLD,SAB_SOUTH,S105,S5,46.02084,-59.04672,2020-08-22T10:45:00,NA,VR2AR,547101,A69-1601-61565,Y,2021-08-10T17:16:00,2020,A - Mud,c(-59.04672, 46.02084)
239,SABMPA,SAB_OLD,SAB_SOUTH,S106,S6,46.02144,-59.03361,2020-08-22T10:56:00,NA,VR2AR,547103,A69-1601-61567,Y,2021-08-10T17:26:00,2020,A - Mud,c(-59.03361, 46.02144)
240,SABMPA,SAB_OLD,SAB_SOUTH,S107,S7,46.02138,-59.02054,2020-08-22T11:05:00,NA,VR2AR,545714,A69-1601-60178,Y,2021-08-10T17:35:00,2020,A - Mud,c(-59.02054, 46.02138)
241,SABMPA,SAB_OLD,SAB_SOUTH,S108,S8,46.02179,-59.00778,2020-08-22T11:17:00,NA,VR2AR,547102,A69-1601-61566,Y,2021-08-10T17:44:00,2020,A - Mud,c(-59.00778, 46.02179)
242,SABMPA,SAB_OLD,SAB_SOUTH,S109,S9,46.02184,-58.99466,2020-08-22T11:27:00,NA,VR2AR,545575,A69-1601-60039,Y,2021-08-10T17:52:00,2020,A - Mud,c(-58.99466, 46.02184)
243,SABMPA,SAB_OLD,SAB_SOUTH,S110,S10,46.02172,-58.98192,2020-08-22T11:35:00,NA,VR2AR,545577,A69-1601-60041,Y,2021-08-10T18:03:00,2020,A - Mud,c(-58.98192, 46.02172)
244,SABMPA,SAB_OLD,SAB_SOUTH,S111,S11,46.02175,-58.96895,2020-08-22T11:45:00,NA,VR2AR,545571,A69-1601-60035,Y,2021-08-10T18:13:00,2020,A - Mud,c(-58.96895, 46.02175)
245,SABMPA,SAB_OLD,SAB_SOUTH,S112,S12,46.02187,-58.95611,2020-08-22T11:55:00,NA,VR2AR,546076,A69-1601-60540,Y,2021-08-10T18:23:00,2020,A - Mud,c(-58.95611, 46.02187)
246,SABMPA,SAB_OLD,SAB_SOUTH,S113,S13,46.02172,-58.94313,2020-08-22T12:04:00,NA,VR2AR,545570,A69-1601-60034,Y,2021-08-10T18:34:00,2020,A - Mud,c(-58.94313, 46.02172)
247,SABMPA,SAB_OLD,SAB_SOUTH,S114,S14,46.02179,-58.93022,2020-08-22T12:17:00,NA,VR2AR,546087,A69-1601-60551,Y,2021-08-10T18:44:00,2020,A - Mud,c(-58.93022, 46.02179)
248,SABMPA,SAB_OLD,SAB_SOUTH,S115,S15,46.02154,-58.91703,2020-08-22T12:34:00,NA,VR2AR,546086,A69-1601-60550,Y,2021-08-10T18:56:00,2020,A - Mud,c(-58.91703, 46.02154)
249,SABMPA,SAB_OLD,SAB_SOUTH,S116,S16,46.02187,-58.90431,2020-08-22T12:44:00,NA,VR2AR,546081,A69-1601-60545,Y,2021-08-10T19:06:00,2020,A - Mud,c(-58.90431, 46.02187)
250,SABMPA,SAB_OLD,SAB_SOUTH,S117,S17,46.02195,-58.89179,2020-08-22T13:04:00,NA,VR2AR,546088,A69-1601-60552,Y,2021-08-10T19:16:00,2020,A - Mud,c(-58.89179, 46.02195)
251,SABMPA,SAB_OLD,SAB_SOUTH,S118,S18,46.02175,-58.8783,2020-08-22T13:17:00,NA,VR2AR,546090,A69-1601-60554,Y,2021-08-10T19:25:00,2020,A - Mud,c(-58.8783, 46.02175)
252,SABMPA,SAB_OLD,SAB_SOUTH,S119,S19,46.02158,-58.86502,2020-08-22T13:40:00,NA,VR2AR,546073,A69-1601-60537,Y,2021-08-10T19:35:00,2020,A - Mud,c(-58.86502, 46.02158)
253,SABMPA,SAB_OLD,SAB_SOUTH,S122,S22,46.02172,-58.82676,2020-08-22T14:22:00,NA,VR2AR,545770,A69-1601-60234,Y,2021-08-10T20:03:00,2020,A - Mud,c(-58.82676, 46.02172)
254,SABMPA,SAB_NEW,SAB_NEW,2021_46,2021_46,46.10146,-58.78514,2021-08-10T14:33:00,NA,VR2AR,550747,A69-1601-60848,Y,2022-08-06T09:12:00,2021,A - Mud,c(-58.78514, 46.10146)
255,SABMPA,SAB_NEW,SAB_NEW,2021_45,2021_45,46.09688,-58.79603,2021-08-10T14:38:00,NA,VR2AR,550748,A69-1601-60849,Y,2022-08-06T09:22:00,2021,A - Mud,c(-58.79603, 46.09688)
256,SABMPA,SAB_NEW,SAB_NEW,2021_44,2021_44,46.09175,-58.80698,2021-08-10T14:43:00,NA,VR2AR,550752,A69-1601-60853,Y,2022-08-06T09:34:00,2021,A - Mud,c(-58.80698, 46.09175)
257,SABMPA,SAB_NEW,SAB_NEW,2021_43,2021_43,46.08696,-58.81787,2021-08-10T14:47:00,NA,VR2AR,550754,A69-1601-60855,Y,2022-08-06T09:42:00,2021,A - Mud,c(-58.81787, 46.08696)
258,SABMPA,SAB_NEW,SAB_NEW,2021_42,2021_42,46.08203,-58.82902,2021-08-10T14:51:00,NA,VR2AR,550746,A69-1601-60847,Y,2022-08-06T09:52:00,2021,A - Mud,c(-58.82902, 46.08203)
259,SABMPA,SAB_NEW,SAB_NEW,2021_41,2021_41,46.07704,-58.84016,2021-08-10T14:55:00,NA,VR2AR,550750,A69-1601-60851,Y,2022-08-06T10:01:00,2021,A - Mud,c(-58.84016, 46.07704)
260,SABMPA,SAB_NEW,SAB_NEW,2021_40,2021_40,46.07238,-58.85094,2021-08-10T14:59:00,NA,VR2AR,546082,A69-1601-60546,Y,2022-08-06T10:11:00,2021,A - Mud,c(-58.85094, 46.07238)
261,SABMPA,SAB_NEW,SAB_NEW,2021_39,2021_39,46.06738,-58.86194,2021-08-10T15:04:00,NA,VR2AR,546084,A69-1601-60548,Y,2022-08-06T10:21:00,2021,A - Mud,c(-58.86194, 46.06738)
262,SABMPA,SAB_NEW,SAB_NEW,2021_38,2021_38,46.06263,-58.87281,2021-08-10T15:08:00,NA,VR2AR,546089,A69-1601-60553,Y,2022-08-06T10:30:00,2021,A - Mud,c(-58.87281, 46.06263)
263,SABMPA,SAB_NEW,SAB_NEW,2021_37,2021_37,46.05776,-58.88392,2021-08-10T15:13:00,NA,VR2AR,546083,A69-1601-60547,Y,2022-08-06T10:41:00,2021,A - Mud,c(-58.88392, 46.05776)
264,SABMPA,SAB_NEW,SAB_NEW,2021_32,2021_32,46.03277,-58.93972,2021-08-10T15:35:00,NA,VR2AR,546079,A69-1601-60543,Y,2022-08-06T11:31:00,2021,A - Mud,c(-58.93972, 46.03277)
265,SABMPA,SAB_NEW,SAB_NEW,2021_31,2021_31,46.02784,-58.95052,2021-08-10T15:39:00,NA,VR2AR,546075,A69-1601-60539,Y,2022-08-06T11:42:00,2021,A - Mud,c(-58.95052, 46.02784)
266,SABMPA,SAB_NEW,SAB_NEW,2021_30,2021_30,46.02283,-58.96167,2021-08-10T15:43:00,NA,VR2AR,545779,A69-1601-60243,Y,2022-08-06T11:52:00,2021,A - Mud,c(-58.96167, 46.02283)
267,SABMPA,SAB_NEW,SAB_NEW,2021_29,2021_29,46.01794,-58.97294,2021-08-10T15:48:00,NA,VR2AR,545784,A69-1601-60248,Y,2022-08-06T12:02:00,2021,A - Mud,c(-58.97294, 46.01794)
268,SABMPA,SAB_NEW,SAB_NEW,2021_28,2021_28,46.01304,-58.98382,2021-08-10T15:52:00,NA,VR2AR,545773,A69-1601-60237,Y,2022-08-06T12:12:00,2021,A - Mud,c(-58.98382, 46.01304)
269,SABMPA,SAB_NEW,SAB_NEW,2021_27,2021_27,46.00815,-58.99471,2021-08-10T15:56:00,NA,VR2AR,546072,A69-1601-60536,Y,2022-08-06T12:22:00,2021,A - Mud,c(-58.99471, 46.00815)
270,SABMPA,SAB_NEW,SAB_NEW,2021_26,2021_26,46.00319,-59.00584,2021-08-10T16:01:00,NA,VR2AR,546078,A69-1601-60542,Y,2022-08-06T12:32:00,2021,A - Mud,c(-59.00584, 46.00319)
271,SABMPA,SAB_NEW,SAB_NEW,2021_24,2021_24,45.99334,-59.02769,2021-08-10T16:10:00,NA,VR2AR,545765,A69-1601-60229,Y,2022-08-06T12:52:00,2021,A - Mud,c(-59.02769, 45.99334)
272,SABMPA,SAB_NEW,SAB_NEW,2021_23,2021_23,45.98809,-59.03802,2021-08-10T21:19:00,NA,VR2AR,546081,A69-1601-60545,Y,2022-08-06T13:02:00,2021,A - Mud,c(-59.03802, 45.98809)
273,SABMPA,SAB_NEW,SAB_NEW,2021_21,2021_21,45.98802,-59.06419,2021-08-10T21:29:00,NA,VR2AR,545571,A69-1601-60035,Y,2022-08-06T13:26:00,2021,A - Mud,c(-59.06419, 45.98802)
274,SABMPA,SAB_NEW,SAB_NEW,2021_20,2021_20,45.98801,-59.07853,2021-08-10T21:34:00,NA,VR2AR,547102,A69-1601-61566,Y,2022-08-06T13:37:00,2021,A - Mud,c(-59.07853, 45.98801)
275,SABMPA,SAB_NEW,SAB_NEW,2021_19,2021_19,45.98798,-59.09185,2021-08-10T21:39:00,NA,VR2AR,545714,A69-1601-60178,Y,2022-08-06T13:48:00,2021,A - Mud,c(-59.09185, 45.98798)
276,SABMPA,SAB_NEW,SAB_NEW,2021_18,2021_18,45.98794,-59.10519,2021-08-10T21:44:00,NA,VR2AR,545570,A69-1601-60034,Y,2022-08-06T13:58:00,2021,A - Mud,c(-59.10519, 45.98794)
277,SABMPA,SAB_NEW,SAB_NEW,2021_46,2021_46,46.10146,-58.78514,2022-08-06T09:12:00,NA,VR2AR,552480,A69-1601-60789,Y,2023-08-16T09:44:00,2022,A - Mud,c(-58.78514, 46.10146)
278,SABMPA,SAB_NEW,SAB_NEW,2021_45,2021_45,46.09688,-58.79603,2022-08-06T09:23:00,NA,VR2AR,552429,A69-1601-60473,Y,2023-08-16T09:53:00,2022,A - Mud,c(-58.79603, 46.09688)
279,SABMPA,SAB_NEW,SAB_NEW,2021_44,2021_44,46.09175,-58.80698,2022-08-06T09:33:00,NA,VR2AR,552478,A69-1601-60787,Y,2023-08-16T10:05:00,2022,A - Mud,c(-58.80698, 46.09175)
280,SABMPA,SAB_NEW,SAB_NEW,2021_43,2021_43,46.08696,-58.81787,2022-08-06T09:42:00,NA,VR2AR,550748,A69-1601-60849,Y,2023-08-16T10:14:00,2022,A - Mud,c(-58.81787, 46.08696)
281,SABMPA,SAB_NEW,SAB_NEW,2021_41,2021_41,46.07704,-58.84016,2022-08-06T10:02:00,NA,VR2AR,550754,A69-1601-60855,Y,2023-08-16T10:40:00,2022,A - Mud,c(-58.84016, 46.07704)
282,SABMPA,SAB_NEW,SAB_NEW,2021_40,2021_40,46.07238,-58.85094,2022-08-06T10:12:00,NA,VR2AR,550746,A69-1601-60847,Y,2023-08-16T10:52:00,2022,A - Mud,c(-58.85094, 46.07238)
283,SABMPA,SAB_NEW,SAB_NEW,2021_39,2021_39,46.06738,-58.86194,2022-08-06T10:22:00,NA,VR2AR,550747,A69-1601-60848,Y,2023-08-16T11:03:00,2022,A - Mud,c(-58.86194, 46.06738)
284,SABMPA,SAB_NEW,SAB_NEW,2021_38,2021_38,46.06263,-58.87281,2022-08-06T10:31:00,NA,VR2AR,550750,A69-1601-60851,Y,2023-08-16T11:14:00,2022,A - Mud,c(-58.87281, 46.06263)
285,SABMPA,SAB_NEW,SAB_NEW,2021_37,2021_37,46.05776,-58.88392,2022-08-06T10:42:00,NA,VR2AR,546082,A69-1601-60546,Y,2023-08-16T11:25:00,2022,A - Mud,c(-58.88392, 46.05776)
286,SABMPA,SAB_NEW,SAB_NEW,2021_32,2021_32,46.03277,-58.93972,2022-08-06T11:32:00,NA,VR2AR,546080,A69-1601-60544,Y,2023-08-16T12:17:00,2022,A - Mud,c(-58.93972, 46.03277)
287,SABMPA,SAB_NEW,SAB_NEW,2021_31,2021_31,46.02784,-58.95052,2022-08-06T11:42:00,NA,VR2AR,546071,A69-1601-60535,Y,2023-08-16T12:29:00,2022,A - Mud,c(-58.95052, 46.02784)
288,SABMPA,SAB_NEW,SAB_NEW,2021_30,2021_30,46.02283,-58.96167,2022-08-06T11:53:00,NA,VR2AR,545778,A69-1601-60242,Y,2023-08-16T12:41:00,2022,A - Mud,c(-58.96167, 46.02283)
289,SABMPA,SAB_NEW,SAB_NEW,2021_29,2021_29,46.01794,-58.97294,2022-08-06T12:03:00,NA,VR2AR,546079,A69-1601-60543,Y,2023-08-16T12:52:00,2022,A - Mud,c(-58.97294, 46.01794)
290,SABMPA,SAB_NEW,SAB_NEW,2021_28,2021_28,46.01304,-58.98382,2022-08-06T12:13:00,NA,VR2AR,546075,A69-1601-60539,Y,2023-08-16T13:04:00,2022,A - Mud,c(-58.98382, 46.01304)
291,SABMPA,SAB_NEW,SAB_NEW,2021_27,2021_27,46.00815,-58.99471,2022-08-06T12:23:00,NA,VR2AR,545779,A69-1601-60243,Y,2023-08-16T13:14:00,2022,A - Mud,c(-58.99471, 46.00815)
292,SABMPA,SAB_NEW,SAB_NEW,2021_26,2021_26,46.00319,-59.00584,2022-08-06T12:33:00,NA,VR2AR,545784,A69-1601-60248,Y,2023-08-16T13:26:00,2022,A - Mud,c(-59.00584, 46.00319)
293,SABMPA,SAB_NEW,SAB_NEW,2021_24,2021_24,45.99334,-59.02769,2022-08-06T12:53:00,NA,VR2AR,546072,A69-1601-60536,Y,2023-08-16T13:46:00,2022,A - Mud,c(-59.02769, 45.99334)
294,SABMPA,SAB_NEW,SAB_NEW,2021_23,2021_23,45.98809,-59.03802,2022-08-06T13:03:00,NA,VR2AR,546078,A69-1601-60542,Y,2023-08-16T13:54:00,2022,A - Mud,c(-59.03802, 45.98809)
295,SABMPA,SAB_NEW,SAB_NEW,2021_21,2021_21,45.98802,-59.06419,2022-08-06T13:27:00,NA,VR2AR,545765,A69-1601-60229,Y,2023-08-16T14:15:00,2022,A - Mud,c(-59.06419, 45.98802)
296,SABMPA,SAB_NEW,SAB_NEW,2021_20,2021_20,45.98801,-59.07853,2022-08-06T13:38:00,NA,VR2AR,546081,A69-1601-60545,Y,2023-08-16T14:28:00,2022,A - Mud,c(-59.07853, 45.98801)
297,SABMPA,SAB_NEW,SAB_NEW,2021_19,2021_19,45.98798,-59.09185,2022-08-06T13:48:00,NA,VR2AR,545771,A69-1601-60235,Y,2023-08-16T14:38:00,2022,A - Mud,c(-59.09185, 45.98798)
298,SABMPA,SAB_NEW,SAB_NEW,2021_18,2021_18,45.98794,-59.10519,2022-08-06T13:58:00,NA,VR2AR,545571,A69-1601-60035,Y,2023-08-16T14:49:00,2022,A - Mud,c(-59.10519, 45.98794)
299,SABMPA,SAB_NEW,SAB_NEW,2021_36,2021_36,46.05278,-58.89504,2021-08-10T15:18:00,NA,VR2AR,546074,A69-1601-60538,Y,2022-08-06T10:51:00,2021,B - Gravelly sand/mud <50% cobblles/gravel,c(-58.89504, 46.05278)
300,SABMPA,SAB_NEW,SAB_NEW,2021_35,2021_35,46.04759,-58.9063,2021-08-10T15:22:00,NA,VR2AR,546080,A69-1601-60544,Y,2022-08-06T11:01:00,2021,B - Gravelly sand/mud <50% cobblles/gravel,c(-58.9063, 46.04759)
301,SABMPA,SAB_NEW,SAB_NEW,2021_33,2021_33,46.03757,-58.92871,2021-08-10T15:30:00,NA,VR2AR,546071,A69-1601-60535,Y,2022-08-06T11:21:00,2021,B - Gravelly sand/mud <50% cobblles/gravel,c(-58.92871, 46.03757)
302,SABMPA,SAB_NEW,SAB_NEW,2021_25,2021_25,45.99811,-59.01689,2021-08-10T16:05:00,NA,VR2AR,545781,A69-1601-60245,Y,2022-08-06T12:42:00,2021,B - Gravelly sand/mud <50% cobblles/gravel,c(-59.01689, 45.99811)
303,SABMPA,SAB_NEW,SAB_NEW,2021_36,2021_36,46.05278,-58.89504,2022-08-06T10:52:00,NA,VR2AR,546084,A69-1601-60548,Y,2023-08-16T11:36:00,2022,B - Gravelly sand/mud <50% cobblles/gravel,c(-58.89504, 46.05278)
304,SABMPA,SAB_NEW,SAB_NEW,2021_35,2021_35,46.04759,-58.9063,2022-08-06T11:02:00,NA,VR2AR,546089,A69-1601-60553,Y,2023-08-16T11:47:00,2022,B - Gravelly sand/mud <50% cobblles/gravel,c(-58.9063, 46.04759)
305,SABMPA,SAB_NEW,SAB_NEW,2021_33,2021_33,46.03757,-58.92871,2022-08-06T11:22:00,NA,VR2AR,546074,A69-1601-60538,Y,2023-08-16T12:07:00,2022,B - Gravelly sand/mud <50% cobblles/gravel,c(-58.92871, 46.03757)
306,SABMPA,SAB_NEW,SAB_NEW,2021_25,2021_25,45.99811,-59.01689,2022-08-06T12:43:00,NA,VR2AR,545773,A69-1601-60237,Y,2023-08-16T13:35:00,2022,B - Gravelly sand/mud <50% cobblles/gravel,c(-59.01689, 45.99811)
307,SABMPA,SAB_NEW,SAB_NEW,2021_04,2021_04,45.98776,-59.29401,2021-08-10T22:50:00,NA,VR2AR,545766,A69-1601-60230,Y,2022-08-06T17:29:00,2021,A - Mud,c(-59.29401, 45.98776)
308,SABMPA,SAB_NEW,SAB_NEW,2021_02,2021_02,45.98769,-59.32067,2021-08-10T23:00:00,NA,VR2AR,545761,A69-1601-60225,Y,2022-08-06T17:46:00,2021,A - Mud,c(-59.32067, 45.98769)
309,SABMPA,SAB_NEW,SAB_NEW,2021_04,2021_04,45.98776,-59.29401,2022-08-06T17:29:00,NA,VR2AR,549709,A69-1601-60278,Y,2023-08-16T17:05:00,2022,A - Mud,c(-59.29401, 45.98776)
310,SABMPA,SAB_NEW,SAB_NEW,2021_34,2021_34,46.04268,-58.91758,2021-08-10T15:26:00,NA,VR2AR,545778,A69-1601-60242,Y,2022-08-06T11:11:00,2021,E - Gravel with crinoids,c(-58.91758, 46.04268)
311,SABMPA,SAB_NEW,SAB_NEW,2021_34,2021_34,46.04268,-58.91758,2022-08-06T11:12:00,NA,VR2AR,546083,A69-1601-60547,Y,2023-08-16T11:56:00,2022,E - Gravel with crinoids,c(-58.91758, 46.04268)
312,SABMPA,SAB_OLD,SAB_SOUTH,S21,S21,46.021775,-58.8395633,2016-04-17T13:19:44,NA,VR2AR,545773,A69-1601-60237,Y,2017-05-05T12:01:18,2016,C - Till >50% cobbles/gravel,c(-58.8395633, 46.021775)
313,SABMPA,SAB_OLD,SAB_SOUTH,S21,S21,46.0220317,-58.8395933,2017-05-05T12:01:18,NA,VR2AR,545769,A69-1601-60233,Y,2018-06-10T11:07:54,2017,C - Till >50% cobbles/gravel,c(-58.8395933, 46.0220317)
314,SABMPA,SAB_OLD,SAB_SOUTH,S121,S21,46.02188,-58.83954,2018-06-10T11:07:54,NA,VR2AR,545762,A69-1601-60226,Y,2019-08-07T11:40:00,2018,C - Till >50% cobbles/gravel,c(-58.83954, 46.02188)
315,SABMPA,SAB_OLD,SAB_SOUTH,S120,S20,46.02172,-58.85229,2019-08-07T11:30:00,NA,VR2AR,546085,A69-1601-60549,Y,2020-08-22T13:53:00,2019,C - Till >50% cobbles/gravel,c(-58.85229, 46.02172)
316,SABMPA,SAB_OLD,SAB_SOUTH,S121,S21,46.02182,-58.83963,2019-08-07T11:38:00,NA,VR2AR,545770,A69-1601-60234,Y,2020-08-22T14:11:00,2019,C - Till >50% cobbles/gravel,c(-58.83963, 46.02182)
317,SABMPA,SAB_OLD,SAB_SOUTH,S120,S20,46.02172,-58.85229,2020-08-22T13:54:00,NA,VR2AR,545764,A69-1601-60228,Y,2021-08-10T19:45:00,2020,C - Till >50% cobbles/gravel,c(-58.85229, 46.02172)
318,SABMPA,SAB_OLD,SAB_SOUTH,S121,S21,46.02182,-58.83963,2020-08-22T14:13:00,NA,VR2AR,546085,A69-1601-60549,Y,2021-08-10T19:54:00,2020,C - Till >50% cobbles/gravel,c(-58.83963, 46.02182)
319,SABMPA,SAB_OLD,SAB_SOUTH,S20,S20,46.021635,-58.8518467,2016-04-17T20:41:45,NA,VR2AR,545784,A69-1601-60248,Y,2017-05-05T11:48:50,2016,E - Gravel with crinoids,c(-58.8518467, 46.021635)
320,SABMPA,SAB_OLD,SAB_SOUTH,S20,S20,46.0216117,-58.8520883,2017-05-05T11:48:50,NA,VR2AR,545713,A69-1601-60177,Y,2018-06-10T10:59:47,2017,E - Gravel with crinoids,c(-58.8520883, 46.0216117)
321,SABMPA,SAB_OLD,SAB_SOUTH,S120,S20,46.02151,-58.85219,2018-06-10T10:59:47,NA,VR2AR,545781,A69-1601-60245,Y,2019-08-07T11:32:00,2018,E - Gravel with crinoids,c(-58.85219, 46.02151)
322,SABMPA,SAB_NEW,SAB_NEW,2021_22,2021_22,45.98806,-59.05135,2021-08-10T21:25:00,NA,VR2AR,545771,A69-1601-60235,Y,2022-08-06T13:17:00,2021,B - Gravelly sand/mud <50% cobblles/gravel,c(-59.05135, 45.98806)
323,SABMPA,SAB_NEW,SAB_NEW,2021_22,2021_22,45.98806,-59.05135,2022-08-06T13:17:00,NA,VR2AR,545781,A69-1601-60245,Y,2023-08-16T14:05:00,2022,B - Gravelly sand/mud <50% cobblles/gravel,c(-59.05135, 45.98806)
